Material_Quality,Concrete_Grade,Steel_Grade,Age_of_Building,No_of_Floors,Foundation_Depth,Soil_Type,Seismic_Zone,Load_Bearing_Capacity,Moisture_Exposure,Maintenance_Frequency,Strength,Durability
5,M40,Fe500,41,6,12.0,Sandy,V,498,Medium,0,95.89,29.91
3,M30,Fe415,23,19,9.5,Clay,I,324,High,0,83.34,41.19
4,M30,Fe500,46,17,12.5,Loam,V,302,Low,1,97.21,46.38
7,M40,Fe500,31,3,19.4,Rocky,V,325,Low,0,116.34,87.67
8,M20,Fe415,7,2,17.7,Sandy,IV,177,High,2,86.65,84.35
5,M30,Fe415,31,15,11.6,Clay,IV,368,High,3,85.12,37.64
7,M40,Fe500,19,4,16.0,Sandy,V,266,Medium,5,114.24,101.58
5,M40,Fe415,21,3,10.7,Rocky,IV,290,Low,2,85.26,72.0
10,M30,Fe500,3,20,5.0,Loam,V,202,High,3,131.38,103.37
7,M20,Fe415,47,3,11.2,Clay,V,451,Medium,4,67.06,65.09
8,M40,Fe500,8,19,19.7,Sandy,III,150,Low,3,141.58,112.43
4,M20,Fe415,8,3,19.9,Clay,II,541,Medium,0,80.87,90.67
5,M25,Fe500,19,15,16.5,Loam,V,195,Low,1,93.1,83.26
9,M25,Fe500,50,13,17.4,Clay,II,152,High,0,94.16,78.27
8,M40,Fe500,40,17,10.5,Loam,I,337,High,2,109.0,102.91
7,M25,Fe500,19,3,8.5,Sandy,II,159,Medium,0,84.96,90.86
10,M25,Fe415,11,12,15.3,Loam,I,435,Low,4,114.64,175.89
8,M25,Fe415,22,13,11.1,Rocky,III,489,Low,1,94.77,93.3
6,M40,Fe500,47,20,8.0,Sandy,IV,415,Low,3,101.51,44.37
9,M40,Fe500,11,11,13.1,Rocky,V,177,Low,1,136.13,114.42
9,M25,Fe415,20,3,14.6,Sandy,II,375,Medium,4,90.91,140.04
9,M40,Fe415,30,11,5.7,Rocky,IV,471,Medium,5,108.28,102.16
4,M30,Fe500,48,10,16.7,Sandy,I,238,Low,1,91.16,57.45
3,M25,Fe415,47,18,15.3,Loam,I,312,High,2,58.49,66.75
7,M25,Fe415,20,2,11.0,Clay,V,381,Medium,2,80.15,67.5
6,M25,Fe415,31,19,9.9,Clay,IV,476,High,2,66.8,38.15
3,M30,Fe415,42,20,5.4,Sandy,IV,257,Medium,5,78.7,25.99
9,M20,Fe415,46,13,14.6,Clay,III,420,Medium,4,90.54,79.5
4,M25,Fe500,15,9,6.9,Loam,IV,506,Low,2,82.68,60.4
10,M25,Fe415,35,5,15.2,Clay,IV,408,High,1,85.7,69.44
3,M25,Fe500,27,13,7.5,Sandy,IV,490,Low,0,70.63,21.26
3,M30,Fe415,18,7,11.8,Clay,V,262,High,2,77.73,33.15
4,M25,Fe500,44,15,6.8,Loam,IV,461,High,4,63.0,33.82
5,M40,Fe415,45,11,19.4,Rocky,II,390,Low,0,91.48,96.85
9,M40,Fe500,4,3,8.0,Clay,I,175,Low,1,127.13,122.65
10,M30,Fe500,23,15,13.2,Sandy,V,307,High,4,122.28,92.98
9,M20,Fe415,42,10,4.0,Rocky,III,567,Medium,1,72.74,74.4
5,M30,Fe415,46,1,16.8,Sandy,I,282,High,4,77.48,67.98
4,M30,Fe500,43,15,4.3,Sandy,I,217,High,3,75.47,31.3
6,M30,Fe415,22,16,9.7,Clay,III,312,Medium,4,107.55,65.41
10,M20,Fe415,18,14,18.1,Loam,II,218,Low,4,116.48,168.88
10,M40,Fe500,31,14,14.4,Rocky,II,226,High,1,122.85,119.49
6,M25,Fe500,9,19,16.1,Rocky,II,277,Medium,3,105.59,142.0
5,M30,Fe500,44,13,6.1,Clay,II,402,High,5,76.71,53.8
5,M25,Fe415,20,18,4.7,Rocky,I,502,Low,0,79.64,79.79
4,M40,Fe500,9,3,19.9,Clay,IV,177,Low,3,116.0,76.92
9,M20,Fe500,11,15,12.5,Rocky,IV,301,Low,3,115.23,123.98
8,M25,Fe415,37,6,9.9,Rocky,III,304,Medium,1,82.43,83.29
6,M20,Fe415,23,15,10.8,Loam,I,553,Medium,4,84.01,124.82
6,M40,Fe415,34,4,18.1,Clay,III,367,High,5,87.73,70.38
7,M25,Fe415,19,7,16.3,Clay,II,269,High,0,82.22,92.9
4,M25,Fe415,15,12,19.4,Loam,IV,209,Medium,1,88.87,82.44
8,M30,Fe500,36,8,8.4,Loam,V,568,Low,5,106.64,95.18
6,M20,Fe500,22,1,7.9,Sandy,I,535,Low,1,74.58,81.77
8,M40,Fe415,13,6,14.7,Rocky,V,300,High,0,103.47,86.47
8,M40,Fe500,12,1,16.7,Clay,IV,201,High,1,118.42,75.72
7,M20,Fe500,36,19,4.4,Clay,II,442,High,5,81.06,73.33
8,M30,Fe415,43,9,17.9,Loam,IV,413,Low,4,105.32,100.95
5,M25,Fe500,18,8,15.5,Sandy,II,379,High,4,78.44,93.21
8,M40,Fe500,39,11,14.4,Sandy,V,546,Low,4,120.57,83.57
8,M30,Fe415,46,9,8.7,Clay,IV,258,High,0,85.27,31.36
7,M20,Fe415,42,13,6.5,Rocky,V,163,High,2,61.01,47.03
8,M30,Fe415,5,8,16.9,Clay,III,247,Low,1,119.55,94.55
5,M40,Fe500,27,7,12.6,Sandy,III,337,Medium,2,97.47,55.28
6,M30,Fe415,28,15,9.1,Rocky,V,559,Low,2,96.0,73.43
10,M30,Fe500,45,10,11.6,Loam,III,584,Medium,5,124.11,110.27
5,M25,Fe415,29,14,9.9,Rocky,IV,536,Low,5,71.61,84.27
8,M30,Fe500,16,10,7.7,Loam,III,492,Low,1,115.11,91.5
5,M25,Fe500,34,8,17.6,Clay,I,420,Medium,5,89.46,99.72
3,M30,Fe415,30,8,17.7,Clay,III,376,Low,1,90.95,43.51
10,M40,Fe415,40,20,19.6,Clay,IV,338,Low,1,128.35,94.32
6,M20,Fe415,2,9,4.6,Loam,V,269,Low,3,86.63,93.14
7,M20,Fe500,37,6,14.7,Loam,III,537,High,1,77.6,70.61
10,M20,Fe415,42,7,6.3,Loam,IV,583,Low,1,80.69,87.97
5,M20,Fe415,36,3,12.0,Clay,V,426,Low,5,59.25,64.33
3,M20,Fe500,45,9,6.4,Sandy,I,236,High,1,46.75,24.2
9,M20,Fe415,1,4,11.7,Sandy,III,203,Medium,1,102.6,101.62
9,M30,Fe415,47,5,3.3,Clay,II,241,High,3,83.97,75.22
7,M20,Fe415,38,8,17.0,Sandy,III,580,Medium,3,80.02,74.92
9,M20,Fe415,16,7,14.7,Loam,V,404,High,1,94.47,98.15
5,M30,Fe415,3,17,18.3,Loam,I,446,Low,0,116.12,121.11
7,M20,Fe415,11,13,18.9,Sandy,I,469,Low,5,106.04,135.45
9,M25,Fe500,49,5,9.6,Sandy,II,314,Medium,3,84.24,100.78
9,M25,Fe500,43,12,15.2,Sandy,II,323,High,4,93.57,99.67
6,M40,Fe500,4,9,19.0,Loam,V,224,Low,4,129.38,127.67
6,M20,Fe500,47,16,6.4,Clay,II,460,Medium,1,74.36,59.23
6,M30,Fe415,14,5,3.0,Rocky,I,404,High,3,78.32,96.8
9,M40,Fe500,42,1,15.9,Sandy,IV,583,Low,5,109.58,90.54
4,M25,Fe415,41,4,15.6,Rocky,III,536,Low,5,64.56,80.35
9,M25,Fe415,36,20,6.0,Loam,IV,181,Medium,2,92.16,80.98
4,M25,Fe500,14,1,16.5,Rocky,II,588,Medium,5,87.45,124.75
6,M25,Fe415,38,15,5.4,Loam,IV,548,Low,0,73.9,46.54
5,M40,Fe500,29,20,12.6,Rocky,III,440,High,4,103.15,67.14
6,M20,Fe500,1,11,3.1,Sandy,I,508,Low,3,90.15,93.54
7,M20,Fe500,43,10,3.3,Clay,II,316,Low,1,79.22,68.01
4,M40,Fe500,16,15,11.4,Loam,II,163,High,5,95.76,102.63
10,M30,Fe415,27,12,15.7,Sandy,I,582,Low,0,126.01,118.95
7,M25,Fe500,43,15,17.9,Rocky,IV,158,Medium,1,100.23,87.33
7,M20,Fe415,15,5,11.5,Loam,V,306,Medium,4,86.56,109.68
4,M30,Fe500,38,3,3.8,Rocky,II,555,Medium,2,73.21,73.28
3,M30,Fe415,44,7,8.1,Clay,II,169,Low,4,68.47,51.76
10,M20,Fe500,48,9,11.3,Sandy,I,285,High,5,84.03,109.16
5,M30,Fe500,14,7,15.3,Rocky,V,214,High,5,105.21,85.28
6,M30,Fe500,41,1,17.8,Sandy,III,538,Medium,2,102.4,61.74
6,M20,Fe415,47,15,6.8,Loam,I,422,High,2,61.49,68.71
10,M25,Fe415,28,15,12.8,Rocky,IV,332,High,5,89.6,109.74
7,M30,Fe500,47,14,5.0,Clay,III,321,Medium,5,100.88,57.45
8,M25,Fe415,9,2,4.9,Sandy,V,196,Low,3,85.66,85.64
9,M30,Fe415,43,10,14.6,Rocky,I,228,Low,4,105.82,135.17
10,M30,Fe500,7,14,7.4,Clay,III,412,Medium,0,137.3,89.93
7,M25,Fe500,40,16,18.3,Rocky,I,463,High,4,89.24,114.36
5,M25,Fe415,41,3,5.1,Loam,V,408,Medium,5,48.5,67.04
3,M40,Fe415,26,1,15.4,Loam,IV,315,High,2,67.16,45.79
5,M40,Fe500,12,10,8.5,Clay,IV,578,High,0,100.54,28.78
10,M30,Fe415,35,10,7.0,Sandy,I,519,Low,1,108.4,101.83
8,M25,Fe415,22,14,19.1,Clay,IV,531,High,2,91.63,77.61
3,M20,Fe500,16,8,14.3,Rocky,IV,311,High,5,68.47,69.23
3,M20,Fe500,44,17,15.8,Loam,IV,475,Low,3,74.29,55.43
8,M40,Fe415,14,9,13.3,Sandy,IV,308,Medium,4,118.44,98.76
6,M30,Fe415,1,6,19.4,Loam,III,269,Low,0,120.96,105.73
3,M25,Fe500,42,17,12.7,Sandy,V,451,High,1,61.6,1.75
8,M40,Fe415,42,7,17.1,Clay,III,509,Medium,5,107.56,92.28
9,M25,Fe415,9,6,6.8,Loam,I,389,Low,5,98.21,151.78
5,M30,Fe415,31,4,8.8,Rocky,III,598,High,2,71.76,47.66
10,M30,Fe500,17,16,16.2,Sandy,III,511,Low,0,139.36,103.72
10,M20,Fe500,47,19,18.5,Rocky,V,273,Low,1,117.39,108.94
6,M30,Fe415,47,3,16.9,Sandy,III,216,Low,5,84.72,71.16
10,M20,Fe500,8,2,16.8,Rocky,V,378,Medium,3,117.42,144.41
4,M20,Fe500,34,4,10.9,Rocky,I,328,Low,4,71.21,99.41
10,M20,Fe500,7,1,9.3,Clay,IV,204,Medium,2,112.69,104.49
3,M20,Fe415,8,14,3.5,Loam,II,356,High,2,52.2,66.94
5,M20,Fe500,28,10,8.5,Loam,V,217,High,1,66.26,40.24
8,M30,Fe415,18,13,15.0,Rocky,I,217,Medium,4,116.42,152.5
10,M40,Fe415,16,14,10.0,Loam,V,372,High,2,119.65,100.42
4,M30,Fe500,25,11,11.6,Clay,III,274,Medium,4,104.92,52.35
4,M40,Fe415,39,3,4.8,Clay,V,510,Medium,0,63.95,9.01
5,M30,Fe500,33,14,6.6,Clay,I,289,Medium,3,92.66,72.88
6,M40,Fe415,37,4,12.1,Loam,I,437,Medium,5,92.32,118.6
5,M40,Fe415,15,7,5.0,Sandy,V,200,Low,4,92.29,53.17
5,M25,Fe500,46,20,16.3,Rocky,III,386,High,4,77.08,59.3
8,M40,Fe500,8,11,7.9,Loam,V,447,Medium,5,125.51,119.88
7,M30,Fe415,17,13,4.6,Sandy,V,211,Medium,3,105.25,65.86
8,M25,Fe500,8,5,6.2,Loam,I,537,Medium,2,93.82,134.51
8,M40,Fe500,19,17,9.2,Clay,IV,179,Low,4,121.71,87.58
8,M25,Fe415,16,5,12.0,Clay,III,339,High,1,79.84,69.59
4,M20,Fe415,49,3,3.4,Clay,V,439,Medium,5,44.02,20.93
5,M20,Fe500,11,16,10.7,Sandy,IV,337,High,2,88.14,43.12
7,M25,Fe415,45,7,17.4,Clay,III,556,High,1,72.77,47.65
8,M40,Fe500,13,9,15.2,Sandy,V,577,Low,3,127.05,96.8
4,M20,Fe500,4,3,17.8,Clay,I,597,Medium,4,88.06,113.07
6,M25,Fe500,7,15,15.8,Clay,II,312,Medium,4,105.13,126.83
6,M40,Fe500,50,13,4.8,Clay,IV,416,Low,1,88.34,21.2
10,M30,Fe500,30,20,4.4,Clay,I,424,High,3,111.87,90.85
5,M30,Fe415,19,18,7.4,Sandy,IV,456,Low,0,100.39,43.3
8,M20,Fe415,10,19,4.6,Clay,V,255,High,0,81.22,45.74
6,M25,Fe500,7,17,3.9,Loam,IV,319,High,3,81.5,74.33
3,M40,Fe500,9,6,6.3,Rocky,IV,382,Medium,5,95.34,74.38
9,M40,Fe415,6,15,8.7,Clay,V,203,Medium,3,119.92,99.62
7,M30,Fe500,36,10,11.1,Clay,V,211,Medium,3,108.68,67.89
3,M20,Fe415,3,6,15.1,Clay,I,223,High,1,68.15,68.14
7,M30,Fe415,17,2,15.8,Loam,III,415,High,3,96.28,93.92
7,M25,Fe500,16,10,14.0,Sandy,V,539,Medium,2,101.01,79.27
9,M30,Fe415,48,11,13.9,Loam,IV,255,Low,5,108.09,105.45
5,M40,Fe415,5,13,3.8,Clay,II,549,High,1,84.08,60.86
5,M40,Fe500,42,3,12.6,Sandy,I,542,High,1,85.83,53.78
9,M25,Fe415,33,19,3.2,Sandy,IV,460,Low,3,91.15,63.07
6,M40,Fe500,35,9,16.3,Clay,I,288,Low,4,112.93,100.54
10,M40,Fe500,18,15,7.4,Loam,V,279,High,5,117.08,113.35
10,M40,Fe500,19,1,18.9,Sandy,III,345,Low,4,135.91,126.39
8,M30,Fe500,29,13,4.7,Clay,IV,167,High,2,100.8,40.27
3,M30,Fe500,35,5,9.5,Rocky,II,478,Low,1,81.44,68.76
5,M20,Fe415,41,18,7.4,Sandy,III,337,Low,2,67.26,36.28
4,M20,Fe415,29,7,5.6,Loam,IV,340,Medium,0,59.46,42.77
7,M25,Fe415,19,3,14.1,Clay,I,162,Medium,4,86.3,117.7
10,M25,Fe415,18,10,10.6,Sandy,III,375,Low,2,103.8,98.11
5,M20,Fe500,30,9,9.2,Clay,IV,294,Low,5,78.82,57.39
10,M25,Fe415,5,4,8.9,Clay,III,476,Medium,3,97.86,104.94
5,M20,Fe415,43,10,13.5,Clay,I,575,Low,4,69.7,84.18
5,M40,Fe500,48,10,17.8,Sandy,IV,522,High,2,93.42,33.81
7,M20,Fe415,44,20,16.7,Sandy,V,379,High,2,82.9,53.27
3,M40,Fe500,29,2,5.8,Loam,II,254,Low,2,81.44,75.37
9,M40,Fe415,40,10,3.7,Sandy,I,397,Medium,1,93.88,83.71
3,M20,Fe500,44,2,3.3,Loam,I,312,High,2,40.51,43.34
3,M30,Fe500,46,10,8.3,Rocky,III,280,Medium,5,77.49,44.27
4,M40,Fe500,29,15,19.4,Loam,I,590,Low,0,115.13,102.55
6,M25,Fe500,40,4,11.1,Rocky,III,557,Low,0,78.54,61.02
10,M25,Fe415,13,10,18.3,Rocky,II,169,Medium,2,113.02,167.95
9,M30,Fe500,19,3,12.6,Loam,III,346,Low,3,122.36,119.35
7,M30,Fe500,24,17,10.3,Rocky,II,368,Medium,2,114.68,118.32
5,M20,Fe415,28,17,10.7,Sandy,II,434,High,3,63.19,68.06
7,M30,Fe500,3,16,19.7,Clay,III,205,High,4,134.59,101.14
4,M40,Fe500,46,1,11.8,Loam,V,159,Low,4,86.55,59.02
10,M40,Fe415,43,19,4.9,Loam,III,523,Medium,0,111.04,78.84
5,M30,Fe500,9,17,13.1,Rocky,V,326,Medium,2,116.76,87.9
4,M20,Fe415,28,10,9.9,Clay,II,487,Low,1,68.39,64.73
4,M20,Fe415,45,20,12.1,Sandy,IV,188,Medium,3,71.95,34.13
8,M25,Fe500,22,1,3.4,Rocky,I,431,High,3,72.68,99.28
4,M25,Fe415,29,10,10.9,Rocky,I,331,Medium,5,67.2,110.02
4,M40,Fe415,6,10,13.1,Sandy,IV,312,High,2,86.25,46.48
9,M40,Fe500,7,14,18.0,Loam,I,598,Medium,4,142.34,173.88
8,M20,Fe415,31,6,13.7,Sandy,IV,166,Medium,5,86.29,87.06
9,M25,Fe500,7,6,5.7,Sandy,III,535,Low,5,100.15,102.4
3,M25,Fe500,30,3,10.4,Rocky,V,484,High,2,57.61,37.99
5,M25,Fe415,13,15,18.7,Sandy,I,316,Low,2,97.02,102.43
8,M30,Fe500,3,12,17.9,Sandy,II,528,Low,1,136.35,130.87
10,M30,Fe415,10,11,4.0,Rocky,III,400,Low,1,116.78,102.11
10,M20,Fe415,36,2,16.3,Clay,IV,173,Medium,5,89.18,107.91
5,M25,Fe500,33,5,17.4,Sandy,I,564,Low,3,82.95,95.99
6,M20,Fe415,33,4,10.5,Clay,III,314,High,3,54.38,47.59
9,M30,Fe500,2,9,9.6,Rocky,V,313,Medium,5,129.96,129.89
3,M20,Fe500,40,17,15.3,Clay,IV,380,High,5,65.17,28.04
3,M30,Fe415,18,4,9.7,Clay,III,343,High,3,66.56,31.28
10,M30,Fe415,20,14,19.4,Clay,V,438,Low,2,133.76,112.83
7,M25,Fe500,49,17,10.3,Sandy,III,374,Low,3,81.47,48.36
7,M30,Fe500,12,17,7.8,Sandy,I,372,Medium,2,122.16,105.33
3,M40,Fe415,34,2,7.7,Sandy,IV,547,Low,5,65.14,41.52
10,M25,Fe500,41,18,6.4,Sandy,I,335,Medium,1,102.93,90.97
7,M20,Fe500,36,12,7.4,Loam,V,200,Medium,3,88.57,76.89
8,M20,Fe500,3,9,13.8,Rocky,IV,536,Medium,0,114.28,105.25
8,M40,Fe500,29,10,5.3,Clay,I,265,Medium,0,106.89,78.25
6,M40,Fe500,16,18,5.0,Clay,IV,429,Medium,5,116.76,66.46
9,M40,Fe500,31,4,4.0,Rocky,IV,553,Medium,5,111.97,98.72
9,M25,Fe500,36,20,18.7,Clay,IV,527,High,1,101.73,71.54
8,M25,Fe500,49,7,15.9,Rocky,IV,587,High,5,77.18,82.24
8,M25,Fe500,42,8,10.5,Loam,III,552,Low,3,84.5,83.32
4,M20,Fe415,6,5,8.9,Loam,II,504,High,5,65.16,108.97
5,M40,Fe415,24,9,19.9,Rocky,IV,187,Low,5,106.44,106.11
9,M20,Fe415,11,5,14.9,Loam,III,389,Low,3,102.18,132.47
9,M40,Fe500,22,1,13.2,Loam,IV,409,High,5,111.16,115.79
6,M20,Fe415,4,7,7.8,Rocky,III,292,High,1,76.84,68.11
5,M20,Fe500,27,8,12.7,Clay,II,202,Low,3,81.29,84.65
7,M40,Fe500,7,11,19.3,Clay,V,213,Medium,5,129.7,116.68
7,M30,Fe500,7,11,3.0,Clay,II,418,High,0,102.67,70.74
5,M40,Fe500,32,14,8.7,Loam,I,186,High,4,95.55,87.1
6,M25,Fe500,39,6,13.7,Sandy,III,338,Medium,0,79.68,49.08
8,M30,Fe415,2,2,12.1,Clay,III,352,Low,4,116.14,111.4
3,M25,Fe500,21,14,14.5,Loam,II,288,Low,1,85.31,89.38
8,M25,Fe415,3,9,16.3,Clay,I,355,Low,3,104.63,135.25
6,M25,Fe500,42,5,18.1,Sandy,I,321,High,5,79.55,88.02
10,M25,Fe415,28,3,10.8,Clay,I,520,High,2,77.55,104.08
9,M30,Fe500,42,12,3.3,Loam,II,219,High,4,93.23,95.35
4,M40,Fe500,17,4,12.5,Loam,III,288,Medium,5,102.79,90.79
5,M20,Fe500,25,7,17.7,Rocky,V,546,High,0,84.06,61.68
3,M30,Fe415,49,20,9.8,Rocky,IV,401,High,2,69.88,19.41
10,M40,Fe415,11,11,4.1,Clay,V,280,Low,0,118.24,83.19
3,M25,Fe500,17,14,14.8,Rocky,IV,311,Low,4,84.86,79.85
5,M30,Fe500,21,2,7.0,Clay,IV,531,Low,3,91.62,51.67
9,M25,Fe500,21,13,8.1,Loam,I,164,Low,0,109.29,119.19
7,M25,Fe500,41,12,15.8,Clay,V,470,Low,0,96.53,56.53
7,M40,Fe415,36,1,13.2,Rocky,I,448,Medium,4,97.84,127.58
4,M25,Fe500,43,6,18.9,Loam,I,254,High,4,67.49,88.52
6,M25,Fe415,30,7,17.0,Clay,V,463,High,0,72.45,38.16
3,M40,Fe500,5,1,16.9,Loam,V,455,High,2,98.19,73.06
8,M20,Fe500,6,1,11.2,Rocky,I,452,Low,2,98.55,142.37
9,M30,Fe415,10,14,7.6,Rocky,I,198,High,2,111.86,126.2
5,M25,Fe415,16,18,20.0,Sandy,I,407,High,0,86.79,79.84
7,M30,Fe500,42,14,7.2,Loam,IV,176,High,0,95.81,38.61
10,M40,Fe415,28,4,10.5,Sandy,IV,505,High,4,98.13,85.26
9,M40,Fe415,33,14,8.1,Loam,V,491,Low,0,109.12,85.15
9,M30,Fe500,11,7,6.0,Sandy,I,520,High,5,109.1,118.23
9,M25,Fe500,10,7,3.2,Loam,I,181,Medium,4,95.95,142.57
4,M25,Fe500,12,9,18.8,Sandy,IV,231,High,0,79.81,44.99
10,M25,Fe415,37,10,14.0,Loam,I,206,High,5,85.37,135.9
9,M30,Fe500,18,13,17.2,Clay,V,458,Medium,2,140.91,102.1
4,M30,Fe415,34,14,9.0,Rocky,II,592,High,3,72.2,72.13
5,M30,Fe500,18,4,19.2,Sandy,III,292,Low,0,117.02,68.9
5,M25,Fe415,40,18,11.7,Sandy,II,241,Medium,4,75.57,76.73
6,M40,Fe415,38,7,4.4,Clay,IV,314,Medium,0,81.01,27.84
3,M40,Fe500,47,9,12.2,Rocky,III,465,Medium,1,86.91,38.52
5,M40,Fe500,35,18,15.3,Clay,IV,226,High,4,100.99,50.96
5,M30,Fe500,14,19,18.3,Clay,II,189,High,4,112.65,100.14
6,M20,Fe500,34,15,13.2,Clay,IV,562,Low,0,88.24,47.53
6,M30,Fe415,28,11,16.9,Rocky,V,178,Low,3,106.12,94.22
9,M25,Fe500,22,12,14.9,Rocky,II,447,Medium,4,115.15,151.66
3,M40,Fe415,44,12,9.9,Sandy,IV,441,Low,1,73.34,10.97
5,M20,Fe500,31,19,4.7,Loam,II,450,High,4,68.73,79.73
3,M20,Fe500,38,14,14.2,Sandy,II,311,High,4,62.35,54.25
8,M40,Fe415,1,2,9.1,Rocky,II,479,Medium,2,112.74,146.18
9,M40,Fe500,10,1,10.3,Rocky,V,360,High,0,110.39,89.51
7,M20,Fe500,4,10,10.0,Loam,I,284,Low,0,101.13,127.32
3,M40,Fe415,20,2,10.9,Sandy,III,459,High,4,74.63,30.06
7,M40,Fe415,1,7,19.0,Rocky,III,553,Medium,2,121.38,127.73
4,M25,Fe415,24,8,15.9,Clay,V,383,Low,1,77.62,49.3
9,M25,Fe415,42,9,16.9,Clay,I,282,High,3,81.99,104.28
7,M20,Fe415,12,3,14.7,Sandy,V,451,Low,3,91.36,88.05
5,M20,Fe415,26,1,4.7,Loam,V,507,Low,1,54.49,55.79
5,M25,Fe500,45,12,17.7,Loam,II,180,Low,3,83.5,108.6
8,M30,Fe500,41,3,18.8,Sandy,I,175,Medium,2,114.92,111.22
7,M30,Fe500,44,8,9.7,Clay,III,498,High,5,87.23,50.27
7,M25,Fe415,36,3,17.5,Clay,II,490,Low,2,81.2,99.36
10,M20,Fe415,20,9,18.6,Sandy,III,333,Medium,3,111.51,117.3
9,M30,Fe500,49,6,20.0,Loam,III,224,Low,1,121.62,94.19
6,M40,Fe415,24,11,17.0,Rocky,V,192,Medium,4,105.12,107.63
7,M25,Fe500,11,10,19.0,Rocky,III,273,High,3,103.94,101.73
8,M40,Fe500,18,10,10.2,Rocky,V,383,High,1,111.05,78.73
9,M40,Fe415,30,3,8.3,Sandy,II,217,Low,0,103.5,91.26
4,M40,Fe500,24,20,13.7,Sandy,V,418,Medium,3,106.0,50.64
4,M30,Fe415,16,13,12.0,Clay,V,311,Low,2,93.45,49.4
10,M25,Fe500,22,8,18.3,Clay,III,445,High,1,111.89,85.99
7,M25,Fe415,14,5,12.2,Sandy,V,207,High,5,80.39,81.92
8,M40,Fe415,3,15,10.9,Loam,II,180,Low,0,127.91,135.0
3,M20,Fe500,45,2,4.2,Loam,I,360,High,2,42.17,41.75
9,M30,Fe415,44,14,15.6,Clay,III,577,Medium,5,113.29,91.99
7,M20,Fe415,3,12,3.2,Sandy,IV,410,Low,1,86.93,63.83
3,M20,Fe500,26,12,17.2,Loam,II,255,Medium,2,86.37,92.74
5,M20,Fe415,7,17,14.7,Rocky,I,559,Medium,4,91.13,131.89
10,M30,Fe415,26,6,17.4,Clay,II,392,High,0,111.84,106.28
7,M20,Fe500,21,13,13.7,Loam,III,314,Low,4,101.51,107.81
4,M20,Fe500,49,10,18.8,Loam,IV,207,High,2,68.42,43.24
6,M40,Fe500,50,2,8.1,Rocky,IV,520,High,2,72.16,39.28
6,M25,Fe500,43,4,4.2,Rocky,V,460,High,3,60.51,38.06
9,M40,Fe500,20,2,17.9,Rocky,I,516,High,0,120.69,129.61
3,M25,Fe415,33,10,3.8,Loam,V,512,Medium,2,46.94,31.11
6,M30,Fe500,23,4,13.2,Clay,II,520,Medium,5,111.06,106.85
3,M25,Fe415,1,15,17.9,Clay,I,546,High,3,75.4,90.02
3,M20,Fe500,2,18,5.0,Clay,II,305,High,3,71.69,64.13
3,M30,Fe415,40,13,16.9,Clay,V,512,Low,5,89.44,50.37
4,M40,Fe415,14,2,14.9,Clay,III,348,Low,3,89.73,64.71
8,M40,Fe415,34,9,14.6,Sandy,IV,196,Low,2,111.55,78.42
8,M30,Fe500,44,10,11.0,Rocky,II,332,Low,3,108.99,111.26
8,M25,Fe415,31,4,15.4,Rocky,I,278,Medium,5,85.78,146.73
6,M25,Fe500,47,10,7.6,Rocky,I,446,High,5,67.92,88.23
9,M40,Fe415,6,2,16.5,Rocky,II,339,High,3,110.01,146.66
5,M30,Fe415,15,12,16.2,Sandy,V,236,Medium,0,106.48,60.76
5,M30,Fe415,41,15,3.8,Sandy,III,313,Low,2,80.76,27.74
9,M25,Fe415,44,4,4.4,Loam,IV,445,Low,4,75.49,86.95
6,M20,Fe500,1,18,6.5,Rocky,III,596,Low,0,106.54,80.6
6,M30,Fe500,20,16,5.1,Loam,IV,484,Low,3,107.18,73.03
5,M40,Fe415,7,1,15.9,Rocky,IV,209,Medium,2,101.99,94.15
6,M20,Fe500,19,14,18.9,Loam,III,355,High,5,97.93,104.72
4,M25,Fe500,43,11,5.6,Loam,I,585,Medium,0,67.4,54.91
10,M40,Fe500,24,8,19.1,Clay,II,272,Medium,5,141.48,155.21
4,M40,Fe500,50,1,7.8,Rocky,III,253,Medium,5,77.75,49.43
3,M30,Fe415,48,5,6.4,Loam,II,543,Low,0,58.43,51.5
7,M30,Fe415,23,3,8.5,Clay,V,454,Low,3,94.64,64.85
10,M20,Fe500,20,18,13.7,Rocky,IV,375,Medium,5,124.74,134.47
3,M40,Fe415,11,13,19.0,Sandy,III,261,Low,3,104.02,67.13
9,M25,Fe415,41,15,13.8,Loam,V,584,High,5,84.13,100.89
10,M20,Fe415,20,3,4.6,Rocky,I,298,High,5,82.91,136.94
8,M30,Fe415,12,9,8.6,Loam,I,162,High,4,98.43,124.67
3,M30,Fe415,38,4,10.0,Rocky,II,387,Medium,1,72.96,64.07
6,M30,Fe500,39,2,12.0,Loam,I,260,Medium,0,92.56,92.58
9,M40,Fe415,49,19,12.6,Rocky,III,210,Medium,3,107.12,91.43
10,M30,Fe500,47,1,4.1,Clay,V,152,Medium,2,98.45,57.64
4,M30,Fe500,15,10,15.8,Sandy,I,513,High,5,94.69,96.26
9,M25,Fe415,43,18,15.4,Loam,IV,558,Low,5,91.46,109.4
8,M30,Fe415,21,4,10.8,Loam,III,566,Medium,1,108.54,89.81
10,M30,Fe500,14,4,3.5,Loam,IV,510,High,0,113.68,80.7
4,M40,Fe500,31,14,14.1,Clay,III,323,Medium,4,106.0,56.01
10,M40,Fe500,46,7,15.4,Sandy,V,375,Low,2,120.49,83.29
3,M25,Fe415,10,9,6.2,Sandy,II,277,Medium,0,67.09,59.02
7,M40,Fe500,43,15,14.4,Loam,IV,287,Low,4,116.49,86.2
10,M40,Fe500,2,9,8.0,Rocky,V,398,High,2,130.05,106.47
7,M20,Fe415,22,14,15.1,Loam,V,573,Medium,3,94.63,103.02
7,M25,Fe415,43,7,14.8,Clay,II,444,Low,0,74.17,82.24
7,M25,Fe415,10,8,4.9,Rocky,V,225,Low,0,78.06,75.5
8,M25,Fe415,36,7,19.6,Loam,IV,175,Low,1,95.3,103.76
6,M40,Fe500,47,11,12.6,Rocky,IV,440,High,5,94.88,63.32
7,M25,Fe415,23,15,19.5,Rocky,II,168,Medium,3,100.78,144.11
5,M40,Fe415,16,19,14.4,Loam,I,186,Medium,0,104.62,104.66
10,M25,Fe415,19,15,11.3,Clay,I,228,Medium,3,108.82,134.64
8,M40,Fe415,33,6,14.2,Clay,II,152,Low,2,104.2,109.74
8,M40,Fe415,30,20,14.1,Rocky,II,423,High,4,110.62,120.2
4,M20,Fe500,41,12,17.0,Rocky,I,282,Low,4,76.41,104.15
10,M25,Fe415,34,14,9.1,Sandy,III,217,Low,3,92.33,83.86
10,M30,Fe415,18,15,14.9,Sandy,V,580,Medium,5,133.52,122.33
8,M20,Fe415,16,14,19.9,Sandy,I,207,High,3,97.83,117.58
4,M20,Fe500,22,2,17.7,Clay,IV,457,High,2,70.39,44.82
4,M30,Fe500,44,6,15.8,Clay,V,291,High,1,84.88,19.52
10,M20,Fe415,7,13,12.3,Rocky,I,436,Medium,3,115.27,160.84
3,M40,Fe500,9,2,4.3,Clay,III,174,Medium,4,82.32,49.95
4,M25,Fe415,3,5,6.0,Loam,II,315,Low,0,68.66,88.81
10,M20,Fe415,37,1,11.0,Loam,II,326,Low,3,85.74,132.95
6,M20,Fe500,7,11,10.9,Clay,II,346,Low,3,103.37,111.61
6,M40,Fe415,42,9,16.1,Loam,IV,325,Low,0,91.85,64.27
8,M30,Fe415,24,14,18.6,Loam,III,196,High,5,106.77,107.68
8,M25,Fe500,41,15,15.2,Sandy,V,389,Medium,3,96.44,71.96
8,M25,Fe415,38,18,8.1,Sandy,III,158,Low,4,86.07,74.31
6,M20,Fe415,12,3,6.2,Sandy,II,293,High,5,60.82,87.36
9,M25,Fe500,35,2,6.3,Sandy,I,491,High,2,75.88,81.42
4,M20,Fe500,38,19,8.1,Rocky,II,428,High,4,65.88,76.25
10,M40,Fe415,22,4,13.0,Rocky,II,330,High,2,104.68,133.04
3,M25,Fe415,43,18,19.6,Sandy,V,167,High,0,63.96,17.63
6,M20,Fe500,38,4,3.6,Rocky,II,379,High,3,53.88,73.22
3,M40,Fe500,15,14,6.3,Rocky,III,298,Low,1,96.31,52.9
6,M30,Fe500,50,19,12.9,Loam,III,152,Medium,3,105.41,64.38
5,M30,Fe415,48,13,4.0,Clay,III,524,Low,3,80.28,19.82
6,M20,Fe500,21,4,3.4,Loam,V,215,Low,5,78.43,78.11
9,M40,Fe500,30,6,10.8,Loam,I,426,Low,5,115.54,146.72
3,M20,Fe415,41,1,18.5,Sandy,III,181,Medium,4,61.32,48.33
9,M30,Fe415,43,12,10.1,Clay,III,310,High,4,99.06,59.07
10,M30,Fe500,38,17,18.5,Sandy,II,440,High,1,129.63,105.23
7,M20,Fe415,16,7,4.6,Sandy,I,511,Low,0,81.24,85.19
7,M25,Fe415,30,15,7.0,Clay,V,180,Medium,0,78.37,44.65
7,M25,Fe500,41,17,11.5,Sandy,II,535,Medium,2,90.54,82.26
9,M30,Fe415,45,8,17.7,Rocky,III,396,Medium,2,107.09,96.59
4,M25,Fe415,21,15,6.9,Clay,II,209,Medium,3,66.0,70.56
10,M25,Fe500,8,14,4.2,Loam,IV,398,High,1,106.12,91.29
6,M25,Fe415,39,2,19.9,Loam,V,274,High,3,69.32,76.94
10,M25,Fe415,12,13,6.3,Loam,I,344,High,1,91.79,119.27
10,M40,Fe415,15,9,7.1,Rocky,I,463,High,5,104.58,137.88
10,M25,Fe500,8,11,12.9,Clay,V,200,Medium,2,120.71,107.03
10,M30,Fe415,6,18,11.8,Loam,IV,326,Medium,2,136.56,132.6
6,M20,Fe415,12,20,5.2,Clay,III,472,High,5,77.92,62.94
8,M25,Fe415,45,3,8.8,Clay,II,348,Low,2,73.54,83.49
10,M25,Fe415,26,8,13.8,Clay,II,252,High,3,90.03,117.13
9,M40,Fe415,8,6,6.7,Sandy,III,449,High,5,103.64,92.75
8,M20,Fe415,1,13,6.9,Rocky,I,468,Medium,2,96.55,134.49
9,M25,Fe415,50,19,6.9,Sandy,V,486,Low,0,81.66,49.93
10,M40,Fe500,49,16,16.4,Sandy,V,225,Low,5,126.73,98.52
8,M25,Fe415,3,12,12.1,Rocky,III,377,Medium,0,99.29,103.34
6,M20,Fe415,28,17,17.7,Clay,V,480,Medium,5,89.61,87.1
4,M25,Fe500,48,10,16.4,Loam,I,563,Medium,5,77.59,106.37
3,M20,Fe415,36,15,12.9,Clay,I,333,Medium,0,63.74,48.6
9,M30,Fe415,14,9,15.6,Sandy,II,209,Low,2,122.36,129.95
8,M20,Fe500,4,2,17.5,Clay,II,528,High,0,97.69,110.78
8,M30,Fe415,48,1,9.9,Clay,II,447,Low,5,84.52,97.24
9,M30,Fe500,24,10,17.9,Sandy,V,448,Medium,4,134.81,109.05
7,M40,Fe415,15,17,15.2,Rocky,V,404,Medium,5,116.64,120.39
4,M25,Fe500,47,8,7.8,Loam,II,255,High,5,48.35,67.62
4,M40,Fe500,23,19,18.1,Sandy,I,474,Medium,3,117.78,92.55
3,M25,Fe500,7,15,3.5,Loam,IV,289,Medium,1,74.32,46.98
6,M25,Fe500,7,4,3.9,Rocky,II,189,High,0,78.13,83.95
5,M25,Fe500,36,2,17.5,Rocky,II,241,Low,4,81.29,120.58
6,M40,Fe500,8,3,4.0,Rocky,III,281,Low,1,103.93,79.1
5,M20,Fe415,19,10,13.8,Loam,IV,157,High,1,67.12,60.04
7,M40,Fe500,50,20,5.3,Sandy,II,595,Low,0,101.36,61.54
6,M40,Fe500,38,4,13.0,Loam,V,463,Low,0,103.36,64.35
8,M30,Fe415,1,3,12.3,Clay,III,517,Medium,2,120.14,98.09
10,M40,Fe500,39,12,8.8,Sandy,IV,511,Medium,0,121.03,68.7
10,M20,Fe415,50,14,16.4,Sandy,III,412,High,1,90.31,64.53
10,M25,Fe500,25,20,3.1,Clay,II,471,Low,4,111.95,112.07
7,M40,Fe415,21,5,6.5,Clay,V,169,Medium,5,98.39,77.91
7,M40,Fe415,25,15,6.6,Clay,II,294,Medium,2,102.92,90.84
7,M40,Fe415,16,4,17.9,Loam,V,416,Low,0,110.24,102.95
3,M20,Fe415,15,3,7.9,Sandy,II,588,Medium,0,62.3,58.74
6,M25,Fe500,4,8,7.0,Clay,IV,337,Low,4,93.6,75.06
3,M25,Fe500,16,5,18.3,Loam,I,422,High,5,70.31,106.27
4,M25,Fe500,18,13,4.6,Loam,V,354,Medium,2,72.71,56.66
10,M25,Fe415,25,1,10.5,Loam,III,493,Medium,3,91.25,118.2
6,M40,Fe415,45,12,12.2,Sandy,II,271,Medium,5,89.72,90.2
6,M20,Fe415,46,4,17.3,Sandy,IV,511,Medium,0,66.25,48.76
3,M25,Fe415,24,19,5.0,Rocky,III,225,Low,4,61.71,59.35
4,M25,Fe415,41,11,7.6,Loam,I,434,High,4,43.35,65.94
3,M30,Fe415,46,19,9.9,Rocky,IV,362,Low,2,83.14,39.01
6,M25,Fe415,43,9,9.4,Clay,I,318,Medium,0,65.21,60.47
6,M25,Fe415,46,2,4.0,Rocky,III,371,High,1,46.38,30.8
10,M20,Fe500,46,16,15.8,Sandy,IV,223,Low,3,105.62,93.41
9,M25,Fe500,32,16,4.2,Rocky,III,587,High,4,84.19,74.89
3,M30,Fe415,47,19,17.2,Rocky,III,406,Low,0,86.59,41.28
5,M20,Fe415,40,1,16.9,Loam,I,559,Low,2,63.38,101.06
8,M20,Fe500,34,5,17.0,Loam,II,552,Medium,0,97.96,115.83
6,M40,Fe500,1,5,9.1,Clay,IV,332,Medium,0,115.89,63.03
9,M20,Fe415,3,15,16.1,Loam,V,218,High,4,101.64,129.82
10,M20,Fe415,43,6,10.3,Sandy,V,410,Low,5,87.43,94.75
7,M40,Fe415,19,16,3.2,Loam,IV,580,High,4,92.53,72.83
3,M25,Fe415,9,2,19.9,Clay,IV,526,High,2,61.52,53.04
5,M25,Fe415,4,5,3.3,Rocky,I,217,Medium,0,66.15,97.53
7,M25,Fe415,14,20,18.9,Loam,III,549,Low,2,103.9,110.24
7,M20,Fe415,40,5,12.4,Loam,III,188,Medium,0,75.78,65.45
9,M25,Fe500,43,13,13.9,Clay,III,509,Medium,4,104.22,90.32
4,M20,Fe415,8,4,17.8,Rocky,I,561,Medium,0,82.29,114.68
4,M40,Fe415,7,18,19.5,Clay,IV,381,Medium,4,110.71,88.26
10,M40,Fe500,35,14,3.1,Rocky,I,455,High,3,108.32,109.05
5,M25,Fe415,43,11,7.7,Loam,II,461,High,2,56.51,69.24
6,M25,Fe500,46,2,9.1,Clay,V,329,High,4,59.64,35.0
4,M20,Fe500,17,3,12.6,Sandy,I,299,Low,5,83.35,98.2
4,M20,Fe415,42,18,12.8,Clay,V,534,Medium,0,72.81,23.9
10,M25,Fe500,23,17,8.1,Loam,II,484,Medium,5,110.05,157.71
7,M30,Fe500,37,6,15.3,Loam,I,267,Low,5,111.01,132.64
6,M20,Fe415,31,17,16.0,Clay,IV,415,Medium,0,84.63,51.36
6,M30,Fe500,10,11,12.0,Clay,III,347,Low,3,117.87,78.85
3,M40,Fe500,40,12,3.7,Rocky,I,188,Medium,4,78.92,64.52
4,M20,Fe415,33,7,19.7,Loam,I,464,Low,5,73.63,124.08
4,M25,Fe415,2,11,13.1,Rocky,II,157,High,2,73.7,101.57
4,M20,Fe415,22,7,6.9,Sandy,III,423,Medium,0,65.04,28.61
10,M25,Fe415,14,14,14.5,Rocky,V,502,Medium,1,116.32,126.32
3,M30,Fe500,17,15,13.0,Loam,I,510,High,2,92.78,81.19
5,M25,Fe500,24,3,11.6,Rocky,I,454,Medium,3,80.82,112.39
8,M25,Fe500,4,17,4.8,Sandy,II,272,Medium,0,105.46,99.69
3,M30,Fe415,19,9,19.8,Clay,I,468,Medium,5,99.81,103.65
6,M40,Fe415,1,3,4.1,Sandy,V,594,Low,4,93.65,76.54
4,M20,Fe415,42,14,17.9,Loam,I,477,Low,1,70.14,86.74
8,M40,Fe415,47,13,18.7,Sandy,III,215,High,3,97.91,60.52
4,M30,Fe500,47,18,9.1,Rocky,III,342,Medium,0,90.3,32.62
5,M20,Fe500,1,10,16.4,Clay,III,315,Low,2,99.19,79.76
8,M25,Fe415,8,4,12.4,Loam,III,537,Low,1,95.64,112.32
9,M25,Fe500,21,8,7.4,Clay,II,539,Medium,1,102.51,109.4
5,M25,Fe500,39,9,6.9,Sandy,I,571,Low,1,70.52,53.82
10,M20,Fe415,36,2,13.9,Loam,IV,544,Low,5,90.1,126.67
4,M30,Fe415,34,4,14.4,Clay,I,399,Medium,4,80.74,82.84
7,M40,Fe500,48,4,10.5,Loam,II,544,Low,3,94.43,103.71
3,M30,Fe415,35,18,18.9,Clay,IV,207,Low,4,92.03,50.25
3,M25,Fe415,25,15,5.4,Clay,V,239,Low,3,62.2,29.98
8,M25,Fe500,43,16,13.7,Sandy,III,305,High,4,88.51,66.75
3,M25,Fe415,2,15,17.3,Rocky,II,366,High,5,71.86,112.8
6,M25,Fe415,43,1,4.0,Loam,IV,244,High,0,40.09,26.73
10,M40,Fe500,5,2,19.9,Sandy,II,401,Medium,1,144.96,150.43
8,M40,Fe500,1,6,7.0,Loam,III,351,Low,5,120.49,125.56
5,M30,Fe415,28,6,14.1,Loam,III,200,Medium,3,95.19,84.54
5,M25,Fe500,46,4,5.2,Clay,V,579,High,3,54.98,12.14
8,M30,Fe415,33,15,14.3,Rocky,II,244,Low,3,110.59,131.19
6,M20,Fe415,16,16,17.3,Sandy,III,318,High,2,90.23,65.17
5,M40,Fe415,21,4,4.1,Sandy,III,464,Low,1,81.08,34.47
6,M40,Fe500,33,11,11.7,Rocky,IV,598,High,5,96.91,77.57
10,M20,Fe415,12,11,14.2,Clay,V,436,Medium,0,108.2,97.52
10,M25,Fe415,14,20,15.0,Rocky,V,542,Low,5,117.46,144.02
10,M20,Fe415,40,6,17.5,Sandy,III,477,Medium,4,91.38,99.42
3,M25,Fe500,18,8,10.1,Rocky,III,453,High,5,65.19,57.57
6,M20,Fe500,3,5,17.5,Loam,III,364,Low,0,98.99,104.13
4,M40,Fe500,3,12,16.0,Clay,IV,283,Medium,3,116.15,77.9
7,M20,Fe415,19,18,14.8,Rocky,II,343,High,4,83.41,129.01
8,M30,Fe415,49,8,12.2,Loam,I,235,Medium,0,96.47,103.41
5,M20,Fe500,25,10,11.2,Loam,V,225,Medium,3,82.32,78.21
5,M25,Fe415,9,1,12.0,Sandy,I,337,Low,4,80.43,105.19
8,M40,Fe500,31,1,19.6,Rocky,V,384,High,1,109.57,85.81
9,M40,Fe415,18,16,7.0,Rocky,III,154,Low,4,120.68,114.62
3,M30,Fe500,8,13,18.2,Clay,III,336,Low,3,117.73,72.21
6,M20,Fe415,8,8,15.0,Rocky,I,575,High,1,82.57,113.96
9,M40,Fe415,47,4,4.0,Sandy,II,383,Low,3,94.23,89.7
4,M25,Fe415,33,3,17.1,Rocky,II,252,High,2,53.39,86.17
9,M25,Fe500,16,3,10.5,Rocky,II,255,High,3,89.41,132.83
8,M30,Fe415,40,17,12.0,Rocky,IV,566,Low,3,111.96,94.78
8,M20,Fe415,25,2,17.5,Sandy,II,170,Medium,0,89.6,106.06
7,M30,Fe500,23,4,7.3,Loam,II,592,High,1,99.37,87.87
5,M25,Fe500,38,4,19.4,Sandy,III,580,Low,1,81.11,57.16
5,M20,Fe415,15,12,17.2,Clay,I,548,Low,0,90.67,92.88
4,M40,Fe415,31,15,8.3,Sandy,II,477,Low,1,82.63,59.05
10,M25,Fe415,24,6,4.4,Clay,II,272,High,0,73.75,82.91
10,M30,Fe500,38,12,16.8,Rocky,I,327,Low,4,133.9,153.95
5,M20,Fe500,19,13,7.5,Clay,I,529,Low,2,82.25,75.59
8,M30,Fe415,29,10,15.5,Loam,III,415,Medium,0,111.75,90.8
9,M25,Fe415,28,5,8.8,Clay,III,298,High,3,79.95,69.62
3,M25,Fe415,37,6,14.9,Loam,II,437,Low,4,60.72,98.76
4,M25,Fe500,15,16,18.7,Sandy,II,476,Medium,3,94.54,104.77
9,M40,Fe415,1,7,19.6,Clay,II,573,High,4,120.56,141.51
9,M40,Fe500,18,3,13.4,Loam,III,240,Medium,1,120.99,105.4
5,M25,Fe415,49,8,14.9,Sandy,I,222,Low,3,65.8,79.65
9,M30,Fe415,38,18,6.5,Rocky,V,339,High,2,95.92,67.33
7,M30,Fe500,50,10,11.6,Clay,II,576,Low,4,98.56,90.94
4,M30,Fe500,5,14,10.0,Rocky,IV,582,High,0,101.03,48.11
10,M30,Fe415,33,6,5.0,Rocky,I,570,Low,3,106.93,130.15
8,M40,Fe500,35,10,16.6,Sandy,V,195,Medium,5,116.67,94.97
5,M40,Fe500,2,18,5.0,Rocky,I,497,Medium,1,113.36,101.96
7,M30,Fe415,48,3,18.1,Sandy,I,435,Medium,1,92.96,88.93
3,M25,Fe500,39,18,15.4,Sandy,III,169,Medium,4,76.92,43.68
4,M40,Fe500,46,11,8.1,Sandy,V,318,High,5,75.66,17.81
3,M20,Fe500,1,2,13.0,Sandy,IV,392,High,0,66.85,34.28
4,M25,Fe500,28,7,9.3,Sandy,V,184,High,1,65.34,15.05
7,M30,Fe415,47,1,3.8,Sandy,V,338,Medium,4,74.4,42.05
6,M20,Fe415,3,20,15.4,Sandy,IV,271,High,4,97.48,82.35
9,M40,Fe500,41,6,17.8,Clay,III,515,Low,5,118.05,96.57
5,M20,Fe415,45,10,8.0,Loam,V,427,High,5,52.58,47.24
7,M40,Fe415,31,14,17.0,Loam,II,281,Low,3,115.39,127.45
6,M40,Fe500,35,4,15.8,Clay,V,571,Medium,4,105.97,66.88
3,M20,Fe415,6,9,10.6,Rocky,IV,453,High,4,61.12,70.27
6,M40,Fe415,36,8,11.8,Clay,III,541,Medium,4,93.58,58.55
4,M40,Fe415,3,10,5.3,Rocky,III,298,High,2,78.34,58.71
3,M25,Fe500,37,16,15.0,Rocky,IV,427,Low,5,78.59,68.46
4,M40,Fe415,15,6,9.1,Rocky,II,438,Medium,0,84.33,87.62
6,M20,Fe415,44,15,7.7,Rocky,II,590,High,3,62.83,73.8
3,M20,Fe500,40,19,8.5,Sandy,II,184,Low,1,68.7,44.87
8,M30,Fe500,29,6,15.5,Clay,IV,318,Low,2,119.26,79.2
10,M20,Fe415,26,20,4.7,Sandy,III,470,Medium,2,100.24,78.74
4,M25,Fe500,1,17,16.0,Sandy,V,410,Medium,2,105.98,73.45
7,M40,Fe415,43,2,15.9,Loam,III,433,Medium,0,95.95,69.46
7,M30,Fe500,17,18,18.1,Clay,V,543,Low,3,132.74,91.45
5,M20,Fe500,10,5,10.0,Loam,I,237,Medium,4,84.79,126.73
7,M30,Fe500,46,4,7.3,Sandy,IV,253,Low,2,97.1,40.09
3,M30,Fe415,48,12,5.7,Rocky,I,521,High,2,55.52,46.55
6,M40,Fe500,45,1,6.8,Sandy,III,354,High,5,77.67,33.71
3,M30,Fe415,10,16,9.1,Loam,IV,452,Low,5,92.14,82.8
5,M30,Fe500,40,5,19.0,Loam,V,392,Low,2,101.13,76.42
6,M30,Fe415,36,16,6.7,Clay,V,368,Medium,3,88.67,49.89
3,M20,Fe500,39,7,10.9,Loam,V,165,High,0,51.9,19.11
6,M25,Fe500,41,19,14.9,Sandy,I,444,Low,5,89.07,96.3
4,M25,Fe500,42,12,6.0,Loam,III,395,High,5,52.77,36.28
5,M30,Fe415,40,15,14.0,Rocky,I,487,Medium,4,93.17,110.96
4,M20,Fe500,19,11,8.3,Sandy,III,167,Medium,4,80.07,49.48
7,M30,Fe500,36,2,7.2,Clay,V,419,Low,4,92.47,58.57
10,M20,Fe500,34,6,9.0,Rocky,IV,182,Low,1,102.59,90.95
8,M40,Fe500,28,5,12.8,Clay,V,284,Medium,1,112.21,71.86
5,M30,Fe415,26,15,6.8,Loam,IV,259,Low,5,92.99,77.77
6,M20,Fe500,19,9,7.2,Sandy,II,442,Low,2,81.42,82.84
4,M25,Fe415,8,16,4.6,Loam,I,152,Medium,1,78.24,89.81
5,M20,Fe415,23,7,19.3,Loam,II,247,Medium,4,81.13,127.34
5,M40,Fe415,7,17,17.5,Rocky,V,222,Low,0,117.94,86.8
3,M20,Fe415,29,6,18.8,Rocky,III,447,Medium,1,71.74,62.97
9,M20,Fe500,25,14,9.9,Clay,II,424,High,3,91.51,99.43
3,M40,Fe415,50,8,19.1,Rocky,I,385,High,2,68.95,68.62
10,M40,Fe415,11,3,8.5,Rocky,V,366,High,4,108.07,113.43
3,M20,Fe500,50,11,15.3,Clay,I,390,High,4,60.36,44.85
7,M25,Fe500,50,2,9.2,Rocky,I,150,Medium,3,76.09,100.05
9,M30,Fe415,26,18,6.3,Sandy,II,219,Low,5,113.12,122.5
9,M25,Fe415,4,9,3.9,Loam,II,545,High,4,83.95,132.2
3,M40,Fe415,23,18,15.1,Rocky,I,561,High,5,82.41,99.41
8,M30,Fe500,14,1,3.9,Loam,I,454,Medium,5,110.97,131.13
7,M40,Fe500,3,13,19.8,Clay,II,377,High,4,130.23,127.72
8,M20,Fe500,22,16,13.2,Sandy,V,349,Medium,0,107.77,75.82
6,M25,Fe500,5,10,13.7,Sandy,V,409,Medium,2,104.11,76.85
6,M30,Fe500,36,12,11.0,Rocky,III,237,Medium,5,101.06,84.6
3,M40,Fe500,42,14,10.5,Clay,V,242,High,5,80.34,23.13
5,M40,Fe500,1,2,3.3,Clay,III,326,Medium,5,101.76,73.53
5,M40,Fe415,2,13,5.4,Loam,III,353,Low,3,102.21,85.99
9,M40,Fe500,24,12,9.9,Rocky,II,490,High,5,114.39,134.23
8,M20,Fe500,18,19,4.1,Sandy,II,248,High,5,95.98,95.51
3,M40,Fe415,17,17,9.2,Loam,IV,573,Low,5,86.72,75.86
6,M20,Fe415,43,7,17.1,Sandy,IV,383,Low,0,78.64,47.2
7,M40,Fe500,21,1,3.8,Sandy,II,312,Medium,2,104.39,84.25
5,M25,Fe415,14,5,12.8,Sandy,II,508,Medium,4,76.15,100.46
7,M25,Fe415,38,4,12.3,Clay,III,322,Low,2,71.05,64.37
8,M40,Fe415,37,9,7.2,Rocky,II,371,Low,4,98.47,117.21
7,M25,Fe415,1,6,9.2,Clay,II,479,Medium,5,87.84,133.23
10,M20,Fe500,44,9,7.2,Loam,III,204,Low,2,98.45,85.13
5,M20,Fe500,48,5,18.8,Rocky,III,291,Medium,4,80.51,81.01
6,M20,Fe415,5,18,5.2,Sandy,III,528,Medium,5,92.97,78.71
4,M30,Fe415,4,4,3.3,Loam,II,176,Low,2,87.78,99.21
4,M20,Fe500,8,13,6.4,Rocky,V,590,High,2,76.12,56.45
4,M40,Fe500,13,17,4.2,Clay,II,589,Low,4,100.73,77.82
7,M25,Fe415,40,9,16.5,Clay,IV,381,Low,3,77.73,67.9
3,M25,Fe415,40,16,14.8,Sandy,II,312,Medium,3,63.61,66.06
10,M25,Fe500,5,14,12.4,Loam,III,261,Low,5,125.51,145.77
8,M25,Fe500,31,10,19.2,Rocky,I,221,Low,5,107.01,148.09
4,M30,Fe500,25,9,9.6,Clay,IV,487,Low,5,95.7,53.26
8,M25,Fe415,6,10,19.9,Loam,IV,453,High,4,101.14,126.99
6,M25,Fe500,30,8,5.6,Sandy,II,415,Low,2,75.23,71.8
3,M25,Fe415,36,8,7.8,Loam,I,310,Medium,4,48.54,79.74
10,M40,Fe415,23,10,14.8,Rocky,II,594,Low,3,119.64,160.28
6,M30,Fe415,13,11,12.6,Loam,IV,433,Medium,0,112.26,79.73
6,M40,Fe415,39,16,12.9,Clay,II,343,Low,0,102.9,68.06
3,M25,Fe500,49,3,7.8,Sandy,V,274,Low,1,48.03,7.29
7,M30,Fe415,4,3,16.7,Loam,IV,496,Low,2,110.88,111.32
9,M40,Fe415,35,19,11.8,Loam,I,378,Low,3,120.02,131.01
6,M20,Fe500,20,19,7.1,Rocky,V,151,Low,4,88.9,83.5
3,M30,Fe415,39,9,13.6,Clay,II,461,Medium,0,81.01,45.67
5,M25,Fe500,32,14,13.2,Clay,IV,250,High,5,77.35,53.19
10,M20,Fe415,11,9,19.8,Clay,III,365,Low,5,116.25,130.84
9,M30,Fe500,7,13,9.6,Clay,IV,285,High,2,127.5,83.55
3,M30,Fe500,26,2,13.5,Loam,V,192,Medium,2,91.57,62.15
9,M40,Fe500,34,9,8.9,Rocky,II,303,Low,3,117.07,130.47
10,M30,Fe500,11,1,5.9,Rocky,I,460,Low,2,126.95,142.21
3,M25,Fe415,18,6,9.9,Rocky,II,507,High,4,52.28,87.24
4,M40,Fe500,47,4,18.9,Rocky,IV,322,High,5,77.39,63.15
5,M30,Fe500,3,17,18.6,Loam,V,548,High,5,122.92,105.49
4,M20,Fe415,18,12,11.6,Loam,II,473,Medium,0,77.83,90.06
10,M40,Fe415,11,1,10.7,Clay,V,477,Low,2,120.77,99.13
8,M25,Fe415,23,14,8.6,Loam,IV,271,High,1,84.13,72.27
9,M30,Fe500,35,4,4.9,Loam,II,266,Medium,0,107.44,102.51
9,M20,Fe415,8,8,11.9,Clay,II,278,Low,1,98.75,124.42
8,M25,Fe500,22,15,9.8,Sandy,II,535,Medium,4,101.85,111.14
10,M30,Fe415,1,15,5.1,Clay,II,331,High,4,114.23,126.49
3,M20,Fe415,45,2,13.9,Sandy,I,493,High,2,41.26,40.55
9,M40,Fe415,27,18,14.4,Clay,IV,344,Low,4,127.64,103.83
6,M20,Fe500,23,20,17.9,Clay,V,514,High,4,99.27,69.78
9,M20,Fe500,15,18,15.1,Loam,III,235,High,1,110.9,95.53
7,M25,Fe500,4,10,11.7,Loam,II,199,Medium,5,105.85,153.86
8,M40,Fe500,21,13,18.6,Loam,II,178,High,5,124.03,145.17
8,M40,Fe415,29,17,6.0,Clay,V,251,Medium,4,105.77,75.93
8,M25,Fe500,3,17,9.2,Loam,III,541,Low,3,113.98,117.55
4,M20,Fe500,9,15,12.2,Sandy,V,566,Low,0,88.92,51.86
5,M25,Fe415,12,9,4.7,Loam,I,415,Low,1,66.92,97.46
4,M40,Fe415,40,15,7.2,Rocky,I,405,High,2,70.07,59.48
5,M40,Fe500,26,11,13.8,Sandy,I,397,High,2,95.9,69.97
10,M20,Fe500,3,18,19.5,Clay,III,318,Medium,0,140.52,120.84
7,M25,Fe500,15,9,10.5,Loam,I,340,Medium,0,92.91,117.14
10,M25,Fe500,40,14,7.0,Loam,V,422,Low,3,101.63,94.37
5,M25,Fe500,50,16,13.0,Loam,III,363,High,0,69.95,31.68
10,M20,Fe415,37,1,7.8,Loam,III,413,Low,4,77.14,104.28
5,M40,Fe415,23,5,15.9,Loam,V,264,High,2,88.88,67.56
7,M20,Fe415,5,15,3.8,Loam,V,429,Low,0,90.27,76.03
6,M20,Fe415,37,2,10.5,Sandy,V,503,Medium,3,67.83,55.43
3,M20,Fe415,29,9,8.0,Rocky,V,495,Medium,2,56.11,43.04
6,M40,Fe500,17,9,16.7,Loam,II,425,High,2,109.6,108.76
9,M40,Fe415,32,7,13.9,Rocky,V,395,Low,1,112.39,94.49
6,M40,Fe500,49,13,9.3,Sandy,I,536,High,0,87.43,44.89
6,M25,Fe415,34,9,6.1,Clay,IV,274,High,0,57.13,16.48
3,M20,Fe415,31,2,17.8,Loam,V,455,Low,1,63.73,55.87
9,M30,Fe415,7,7,18.8,Loam,II,357,Medium,1,128.43,160.65
9,M25,Fe500,49,13,13.3,Loam,V,206,Medium,4,94.06,104.22
3,M25,Fe415,45,11,14.7,Rocky,V,467,Medium,2,62.22,46.8
10,M20,Fe500,5,3,17.6,Clay,V,369,Low,4,116.87,134.69
6,M30,Fe415,23,3,16.7,Rocky,III,381,Low,5,98.1,109.24
6,M40,Fe500,37,11,8.4,Sandy,III,292,Medium,5,98.32,57.09
6,M30,Fe415,4,17,11.6,Clay,V,302,Low,1,120.12,71.08
10,M30,Fe500,3,4,3.1,Clay,V,406,High,1,111.01,71.51
4,M40,Fe415,38,12,12.3,Loam,III,165,Low,3,90.2,63.14
8,M25,Fe415,2,13,8.5,Clay,III,365,Medium,4,98.82,94.65
6,M30,Fe500,23,16,8.4,Sandy,IV,259,High,4,105.4,56.01
10,M25,Fe500,17,4,14.6,Loam,III,174,Low,3,117.03,131.78
9,M25,Fe500,1,6,10.8,Clay,IV,406,Medium,4,112.41,110.86
9,M30,Fe500,36,3,3.1,Sandy,III,444,Medium,5,102.97,76.5
7,M20,Fe500,26,7,8.9,Sandy,II,458,Low,0,89.54,85.8
7,M30,Fe415,23,20,6.2,Clay,V,513,High,0,93.97,30.31
8,M20,Fe500,27,20,15.3,Loam,II,443,Medium,1,113.25,126.78
3,M25,Fe500,11,1,19.7,Clay,II,264,High,3,69.73,87.24
4,M40,Fe415,4,2,7.6,Sandy,V,464,Low,2,83.96,53.66
8,M40,Fe415,2,12,14.1,Clay,IV,244,High,3,117.46,93.72
6,M25,Fe500,1,9,13.9,Sandy,IV,408,Low,3,105.17,91.85
5,M25,Fe500,20,20,11.0,Clay,V,447,Low,0,91.01,45.47
6,M25,Fe415,39,16,8.2,Sandy,III,227,Low,5,71.13,60.31
4,M40,Fe415,33,9,10.6,Loam,I,229,Low,3,79.75,90.33
5,M40,Fe500,25,15,4.6,Sandy,I,344,High,0,92.16,42.81
8,M40,Fe415,28,18,17.7,Sandy,V,290,High,2,112.25,72.61
7,M40,Fe500,6,7,17.3,Rocky,V,260,Low,0,129.34,101.65
5,M30,Fe415,30,10,11.0,Rocky,I,508,Medium,1,91.89,91.66
4,M25,Fe415,22,14,7.3,Sandy,V,226,Medium,3,71.96,42.04
7,M20,Fe415,47,18,11.7,Sandy,V,383,High,3,74.06,42.95
6,M25,Fe500,20,16,11.2,Clay,IV,318,Medium,3,100.68,72.06
3,M20,Fe500,25,11,15.0,Loam,I,273,High,2,66.5,82.78
10,M40,Fe415,33,19,14.1,Sandy,I,556,Low,1,121.4,119.59
4,M40,Fe500,7,5,15.2,Loam,II,196,Medium,1,107.63,111.57
7,M40,Fe415,28,2,19.1,Rocky,V,492,Low,2,105.07,102.99
10,M30,Fe415,4,3,10.6,Clay,V,343,Medium,4,119.83,121.23
9,M20,Fe500,3,2,5.8,Loam,I,341,Low,5,103.69,153.39
4,M25,Fe500,43,2,11.4,Clay,II,275,High,1,54.26,38.91
7,M25,Fe500,38,20,8.9,Rocky,IV,385,High,0,79.34,46.19
7,M25,Fe415,19,10,6.0,Rocky,III,434,Low,1,81.95,79.5
8,M25,Fe500,8,11,12.5,Loam,IV,469,High,0,100.72,83.06
9,M40,Fe415,30,14,12.4,Sandy,IV,451,Low,5,112.78,95.36
7,M30,Fe415,38,15,11.3,Loam,V,478,High,5,93.0,77.98
5,M40,Fe500,8,15,10.5,Loam,II,579,Low,3,115.79,120.96
3,M30,Fe500,3,18,19.6,Sandy,I,593,High,3,113.8,91.62
9,M20,Fe500,33,15,15.9,Sandy,III,406,Medium,3,107.44,97.11
5,M25,Fe415,1,9,17.4,Loam,IV,247,Medium,4,93.51,109.25
7,M20,Fe415,3,14,7.6,Loam,IV,215,High,5,88.04,101.27
7,M40,Fe500,6,19,9.2,Sandy,II,216,Medium,5,133.09,121.92
6,M30,Fe500,19,4,8.9,Sandy,II,464,Medium,3,107.09,92.38
3,M20,Fe415,20,8,14.3,Clay,III,482,High,1,57.53,28.24
3,M30,Fe415,12,3,19.1,Loam,IV,250,Low,1,98.75,73.98
4,M20,Fe500,9,3,11.6,Sandy,III,572,Low,2,80.4,54.28
8,M40,Fe415,44,6,11.2,Sandy,V,512,Low,2,95.36,59.2
7,M40,Fe415,16,5,4.1,Sandy,III,598,Low,4,95.22,69.45
4,M25,Fe500,17,15,4.2,Loam,I,425,High,0,65.11,64.35
7,M30,Fe415,43,6,5.1,Sandy,V,231,High,1,76.81,19.61
8,M20,Fe500,26,8,17.1,Clay,III,306,Low,2,107.93,91.4
5,M30,Fe415,44,15,11.8,Clay,II,353,High,4,80.33,61.74
3,M20,Fe415,31,3,5.7,Clay,III,450,Low,3,50.28,25.81
5,M30,Fe500,17,6,11.3,Loam,III,238,High,2,95.8,62.96
4,M30,Fe500,41,13,4.1,Clay,IV,272,Low,3,81.85,20.82
6,M40,Fe415,2,3,11.9,Loam,II,356,High,3,95.99,118.87
3,M40,Fe415,20,19,18.0,Rocky,III,298,Low,5,100.49,87.4
8,M40,Fe500,37,18,9.9,Rocky,II,254,Medium,5,116.76,133.87
7,M30,Fe500,39,10,13.7,Rocky,III,363,Medium,4,107.15,93.24
6,M25,Fe415,24,2,8.2,Loam,V,529,Low,1,67.82,71.08
8,M40,Fe415,23,18,7.6,Sandy,II,342,Low,5,116.06,113.68
5,M20,Fe415,36,4,18.1,Clay,I,503,Medium,4,74.59,92.95
3,M20,Fe415,46,20,15.4,Loam,I,374,Medium,1,67.27,73.57
5,M30,Fe500,28,18,17.5,Rocky,V,297,High,0,107.1,55.68
5,M20,Fe415,35,11,19.1,Rocky,II,309,Medium,2,79.31,107.53
9,M25,Fe415,9,8,19.6,Sandy,III,346,Medium,5,107.91,130.5
3,M20,Fe415,15,15,10.5,Clay,III,392,High,4,57.72,33.59
5,M20,Fe415,43,9,3.8,Sandy,V,170,Medium,0,59.04,14.93
9,M30,Fe415,1,1,16.1,Clay,V,246,High,2,115.48,101.33
9,M40,Fe500,25,16,15.9,Loam,I,597,High,5,120.82,141.54
3,M40,Fe500,36,14,16.9,Sandy,I,482,Medium,4,98.03,79.23
5,M25,Fe500,26,15,14.9,Rocky,IV,555,High,0,78.98,49.58
9,M20,Fe500,7,4,15.9,Clay,I,598,Low,5,114.98,155.58
7,M40,Fe500,27,15,16.6,Sandy,IV,170,Low,0,121.54,72.47
6,M40,Fe500,8,17,13.4,Clay,I,222,Low,4,129.45,117.84
3,M25,Fe500,33,15,12.2,Sandy,II,463,High,3,68.58,56.05
4,M30,Fe500,12,20,5.4,Sandy,II,476,High,4,94.24,69.74
7,M40,Fe500,49,10,10.7,Rocky,I,542,Low,3,96.46,103.11
10,M30,Fe415,32,3,10.9,Sandy,V,541,Low,5,109.98,101.77
6,M30,Fe415,8,5,8.3,Rocky,V,192,High,1,90.59,63.48
6,M40,Fe500,17,11,10.4,Clay,V,453,Low,2,107.93,62.57
7,M40,Fe415,19,17,16.6,Clay,III,506,Low,2,119.85,82.41
4,M40,Fe500,40,13,8.6,Sandy,V,302,Medium,3,92.2,33.49
10,M30,Fe500,3,9,18.1,Loam,II,308,Low,0,151.36,163.68
3,M40,Fe415,11,18,6.0,Clay,II,276,High,2,80.78,52.42
8,M20,Fe415,26,12,6.0,Rocky,III,398,High,0,78.23,63.93
5,M40,Fe415,26,14,4.6,Sandy,V,437,High,1,75.87,19.68
5,M20,Fe415,10,12,8.5,Rocky,IV,368,Low,5,81.34,91.37
3,M30,Fe415,44,2,3.8,Sandy,IV,596,Low,5,55.89,16.63
3,M25,Fe500,48,1,16.2,Clay,IV,472,Medium,5,63.07,47.26
7,M20,Fe500,10,20,7.6,Rocky,III,547,Low,4,108.25,104.45
7,M20,Fe500,8,12,11.9,Loam,V,198,High,2,99.2,87.81
7,M20,Fe500,42,17,12.8,Rocky,IV,357,Medium,5,90.16,90.94
9,M25,Fe500,8,16,15.6,Sandy,I,215,Medium,3,117.78,137.44
9,M20,Fe415,11,9,12.5,Rocky,III,398,Medium,2,104.36,118.94
7,M30,Fe415,13,16,17.2,Loam,V,545,Low,5,122.64,129.2
3,M40,Fe415,8,14,19.4,Rocky,III,562,Low,1,109.05,77.42
5,M20,Fe500,24,8,13.9,Sandy,III,453,Low,5,88.59,72.4
5,M30,Fe415,48,17,11.4,Rocky,IV,489,Low,4,91.05,64.66
4,M25,Fe415,14,19,16.6,Clay,III,408,Medium,5,85.38,76.51
7,M40,Fe500,50,18,13.2,Sandy,IV,418,High,1,101.83,30.75
9,M40,Fe500,12,17,4.5,Clay,I,590,Low,1,129.2,108.31
8,M20,Fe415,22,15,15.0,Rocky,IV,319,Medium,4,100.74,117.15
8,M25,Fe500,41,3,4.4,Sandy,III,207,Low,5,73.75,66.58
6,M40,Fe415,7,18,4.1,Loam,I,463,Low,1,103.55,107.75
10,M25,Fe500,31,1,15.1,Sandy,III,266,High,5,89.16,97.69
6,M25,Fe415,30,16,17.5,Sandy,V,467,Medium,5,84.25,86.59
9,M30,Fe500,22,3,13.4,Loam,III,516,High,2,111.4,98.36
3,M30,Fe500,43,19,3.9,Clay,I,574,Low,3,82.36,42.12
6,M40,Fe500,33,14,14.5,Clay,I,511,High,0,99.74,68.08
6,M40,Fe415,2,3,19.4,Loam,III,182,Medium,3,111.99,120.32
3,M20,Fe415,29,20,19.6,Rocky,II,265,Medium,4,77.34,111.06
9,M25,Fe415,43,6,13.3,Loam,IV,416,Low,4,87.96,106.06
9,M25,Fe500,34,19,14.7,Rocky,IV,291,Medium,5,113.75,116.67
7,M20,Fe500,12,15,19.5,Rocky,II,591,High,0,104.46,122.4
4,M40,Fe415,44,3,19.5,Rocky,I,150,High,3,73.38,82.74
8,M25,Fe500,8,16,19.8,Clay,III,271,Medium,0,126.64,100.86
8,M40,Fe415,30,11,4.1,Clay,V,157,Medium,4,102.22,69.18
3,M40,Fe415,37,7,13.2,Rocky,V,324,High,0,64.35,23.08
5,M40,Fe415,44,9,19.8,Clay,I,169,High,4,82.69,80.39
10,M25,Fe415,17,8,6.3,Clay,I,540,High,4,82.53,115.27
5,M20,Fe500,17,5,8.6,Clay,II,537,Low,2,78.46,86.14
3,M30,Fe415,36,1,7.3,Loam,V,375,High,0,60.88,14.71
10,M30,Fe500,34,19,3.0,Loam,IV,570,Medium,1,126.5,80.96
4,M20,Fe415,25,13,4.1,Loam,II,444,Medium,1,61.26,70.95
10,M30,Fe500,39,2,6.5,Clay,V,271,Medium,4,114.67,81.87
8,M25,Fe415,29,7,14.0,Sandy,II,380,Low,2,88.13,104.37
6,M40,Fe500,46,18,11.1,Loam,I,365,Medium,2,102.2,92.86
10,M40,Fe500,42,4,14.7,Sandy,II,502,Low,4,123.18,127.21
10,M20,Fe415,22,19,12.9,Rocky,I,221,High,4,104.51,139.0
6,M25,Fe415,7,14,6.7,Loam,II,280,High,2,74.6,97.07
9,M20,Fe500,37,15,4.7,Loam,V,298,High,4,89.11,79.0
6,M30,Fe500,9,20,16.9,Sandy,IV,506,High,1,117.29,65.97
10,M40,Fe415,8,19,11.5,Clay,V,448,Low,1,130.2,105.32
9,M40,Fe415,30,4,11.5,Loam,I,583,Medium,3,111.6,140.99
4,M40,Fe415,36,2,11.4,Rocky,III,266,High,5,71.64,60.77
4,M20,Fe500,34,17,9.5,Sandy,IV,507,Medium,0,74.93,23.69
5,M20,Fe500,25,10,14.2,Sandy,III,516,High,3,80.88,48.33
4,M30,Fe500,5,10,8.6,Loam,IV,573,High,3,94.45,63.55
4,M25,Fe500,34,14,16.2,Clay,III,326,Medium,2,88.55,46.75
8,M25,Fe500,24,11,7.4,Sandy,II,422,Low,2,92.35,95.06
3,M25,Fe500,6,20,18.9,Loam,III,520,Medium,2,97.14,85.01
8,M30,Fe500,12,12,3.7,Clay,IV,380,Low,5,116.59,89.87
4,M30,Fe500,12,4,19.4,Loam,I,299,Low,1,109.65,117.52
3,M40,Fe415,48,15,4.2,Rocky,IV,543,High,0,58.79,-5.59
6,M25,Fe500,42,8,7.3,Sandy,IV,163,Medium,5,77.31,54.67
10,M25,Fe500,12,12,12.4,Sandy,III,559,Low,2,121.8,105.76
6,M25,Fe415,30,20,12.1,Rocky,III,503,Low,5,86.1,91.09
4,M40,Fe500,15,18,9.0,Loam,V,389,Low,5,112.19,78.48
5,M30,Fe500,49,17,13.3,Loam,V,481,Medium,3,99.37,58.78
9,M30,Fe500,14,7,14.2,Sandy,I,155,Low,4,134.31,141.77
6,M40,Fe415,13,8,10.2,Rocky,I,588,Medium,1,103.96,113.34
4,M40,Fe415,15,8,9.0,Sandy,III,343,Medium,5,85.25,66.51
8,M25,Fe500,19,11,19.3,Loam,V,466,Low,0,115.4,106.42
7,M30,Fe415,49,9,12.7,Sandy,III,474,High,4,86.04,51.31
5,M20,Fe500,18,20,10.1,Loam,I,348,High,4,79.37,105.42
9,M40,Fe415,50,4,18.9,Loam,III,564,Low,4,103.2,105.82
9,M30,Fe415,29,12,16.5,Rocky,IV,503,Low,5,115.69,126.76
8,M30,Fe500,38,4,9.6,Clay,II,348,Medium,3,105.7,97.65
6,M20,Fe415,1,9,13.6,Clay,III,405,High,0,80.62,55.15
10,M30,Fe500,2,7,12.6,Loam,II,205,Low,0,141.37,155.79
5,M20,Fe500,3,20,13.3,Loam,IV,312,High,5,98.65,97.95
6,M20,Fe415,49,17,15.1,Loam,II,552,Low,2,76.13,96.34
6,M25,Fe500,44,8,17.5,Clay,IV,360,Medium,5,82.28,76.54
9,M20,Fe415,27,16,7.4,Sandy,III,178,Low,2,93.37,70.59
10,M25,Fe500,25,10,12.3,Rocky,II,278,Medium,0,114.83,132.07
7,M40,Fe500,43,17,13.6,Sandy,II,458,Medium,2,117.64,92.4
3,M40,Fe415,1,7,3.1,Clay,I,572,High,0,75.2,47.99
4,M20,Fe500,32,11,7.8,Rocky,I,357,High,3,57.6,68.22
9,M20,Fe500,14,9,5.4,Clay,III,337,Low,4,98.12,94.68
8,M25,Fe500,12,20,5.1,Rocky,III,537,High,2,96.75,75.07
8,M25,Fe500,31,14,10.6,Sandy,I,216,High,5,84.92,104.9
7,M30,Fe415,13,1,5.3,Sandy,V,431,High,5,85.72,61.96
10,M20,Fe415,5,1,15.9,Loam,I,336,Medium,2,111.41,167.24
3,M20,Fe500,25,12,13.3,Sandy,IV,220,Medium,4,80.13,51.55
6,M30,Fe500,30,11,19.8,Loam,II,527,Medium,3,116.37,130.04
10,M20,Fe500,5,18,6.6,Rocky,II,220,Low,4,124.23,160.24
10,M40,Fe500,46,19,12.8,Sandy,III,404,Low,0,128.57,64.14
5,M20,Fe500,44,11,10.3,Clay,III,399,Low,2,72.47,38.34
6,M25,Fe500,22,11,14.1,Clay,IV,463,High,4,85.5,64.58
3,M30,Fe415,47,18,3.4,Loam,III,162,Medium,3,69.67,26.56
4,M20,Fe415,1,6,11.2,Sandy,V,199,High,1,67.1,48.02
9,M25,Fe500,26,11,18.2,Clay,IV,352,Low,5,111.37,110.49
7,M20,Fe500,34,13,10.2,Clay,II,219,High,1,85.53,71.98
6,M40,Fe500,21,5,3.6,Rocky,I,256,High,3,90.92,91.33
6,M30,Fe500,28,6,7.1,Sandy,III,561,Low,4,100.93,57.28
4,M30,Fe500,6,12,9.7,Loam,I,212,Medium,3,105.19,109.13
5,M25,Fe415,33,15,5.4,Loam,IV,198,Low,4,63.99,59.61
5,M20,Fe500,22,4,9.7,Clay,III,468,Low,1,75.45,49.28
3,M30,Fe500,37,13,12.8,Rocky,IV,301,Medium,3,89.12,58.73
6,M20,Fe500,38,4,14.1,Sandy,IV,393,High,2,71.36,38.44
10,M20,Fe415,43,10,8.5,Sandy,V,447,Low,4,85.17,79.05
3,M20,Fe500,18,7,5.6,Sandy,IV,288,Medium,0,69.72,18.7
9,M20,Fe415,34,20,11.4,Loam,I,246,High,5,89.6,124.77
6,M20,Fe500,27,17,19.9,Rocky,V,213,Low,1,106.24,94.66
8,M25,Fe500,37,5,16.6,Sandy,V,311,Low,0,90.82,63.96
10,M30,Fe415,28,2,3.8,Loam,II,495,Medium,4,102.98,138.25
8,M25,Fe415,37,6,4.7,Clay,III,250,High,4,59.17,50.39
8,M25,Fe415,29,8,18.0,Sandy,II,433,High,3,81.71,106.37
6,M40,Fe500,43,9,9.8,Clay,III,429,High,2,91.27,29.05
3,M20,Fe500,13,5,13.3,Rocky,I,578,High,2,68.31,87.93
6,M25,Fe415,6,14,11.7,Clay,II,335,Medium,1,90.88,102.25
8,M30,Fe415,22,5,3.5,Clay,I,212,Medium,1,97.83,91.54
4,M30,Fe500,43,2,18.5,Clay,IV,479,Medium,2,95.61,40.9
10,M40,Fe415,46,5,6.4,Clay,I,276,Low,0,95.88,81.16
3,M30,Fe500,12,20,19.8,Rocky,IV,320,High,5,104.0,83.92
8,M40,Fe500,25,4,11.4,Clay,II,239,High,0,108.01,81.8
8,M20,Fe415,32,17,15.5,Loam,II,365,Low,4,94.89,137.36
8,M30,Fe415,23,8,7.9,Rocky,I,287,Low,4,102.92,130.83
4,M20,Fe415,3,19,6.1,Loam,II,308,High,0,66.52,76.12
8,M25,Fe415,36,17,18.8,Loam,I,178,High,4,91.51,126.74
3,M40,Fe500,22,11,11.0,Clay,V,411,High,0,82.01,8.51
7,M20,Fe415,2,2,6.2,Rocky,III,165,Low,1,84.26,91.73
5,M30,Fe415,27,8,16.3,Sandy,I,356,High,3,91.13,78.23
6,M40,Fe500,1,4,12.5,Clay,I,525,Medium,3,121.96,118.76
9,M40,Fe500,25,2,14.4,Clay,II,397,Low,3,118.12,122.26
10,M30,Fe415,10,15,9.8,Sandy,IV,446,Medium,2,124.42,99.0
7,M20,Fe500,6,7,4.4,Loam,I,379,Low,4,91.15,130.38
6,M40,Fe415,1,18,19.5,Rocky,I,349,High,0,119.34,118.65
8,M20,Fe500,5,2,17.9,Loam,IV,505,Medium,0,107.41,114.96
8,M25,Fe500,37,1,15.4,Sandy,V,231,Medium,5,88.7,90.93
6,M30,Fe500,20,12,9.7,Sandy,V,212,Low,0,112.19,47.86
6,M25,Fe415,20,6,16.1,Rocky,I,320,Medium,4,84.51,132.37
9,M25,Fe500,45,16,13.8,Sandy,III,400,High,4,89.66,66.49
9,M20,Fe415,34,6,16.6,Sandy,III,555,Low,2,93.74,90.85
5,M20,Fe500,15,4,3.1,Rocky,III,352,Medium,3,70.56,69.01
10,M40,Fe500,40,16,4.9,Rocky,V,337,High,3,108.6,82.11
7,M40,Fe415,7,14,9.2,Rocky,IV,352,High,4,102.01,95.79
7,M20,Fe500,13,11,6.7,Clay,V,306,High,2,87.22,58.48
4,M25,Fe500,12,3,12.5,Sandy,IV,233,High,4,74.51,52.36
7,M25,Fe415,3,19,7.4,Rocky,I,494,Low,2,94.81,133.17
7,M40,Fe500,38,2,17.9,Loam,III,364,Low,4,104.17,102.99
5,M30,Fe500,8,10,13.4,Clay,II,438,Medium,0,112.56,89.59
8,M25,Fe415,46,11,9.7,Rocky,III,217,Low,2,73.18,80.02
10,M30,Fe415,4,11,18.3,Clay,II,191,Medium,5,140.15,167.24
4,M20,Fe415,17,7,6.0,Clay,V,398,Medium,5,67.7,57.36
8,M20,Fe415,42,12,4.1,Rocky,IV,352,High,1,64.75,49.72
10,M25,Fe415,15,1,8.3,Loam,V,310,Low,5,96.99,125.77
5,M20,Fe415,39,5,14.4,Loam,I,519,High,5,52.25,96.12
4,M25,Fe500,21,14,8.9,Clay,III,599,High,3,72.89,31.31
6,M25,Fe415,1,4,5.1,Rocky,IV,565,Low,4,76.3,93.78
7,M25,Fe415,2,14,17.5,Clay,V,554,High,5,94.73,99.14
3,M40,Fe415,28,1,7.8,Rocky,III,554,Medium,0,67.15,32.44
8,M20,Fe415,28,10,8.0,Rocky,II,451,Medium,2,80.55,120.7
6,M40,Fe500,49,17,7.7,Rocky,IV,168,Low,4,103.0,66.36
3,M30,Fe415,46,20,9.7,Loam,V,239,Medium,2,77.86,37.08
7,M40,Fe500,27,2,12.1,Rocky,III,547,High,0,93.74,59.65
7,M25,Fe500,7,5,3.3,Clay,V,345,Medium,3,85.83,71.04
6,M25,Fe500,50,2,18.1,Rocky,IV,340,Medium,4,75.9,87.95
10,M40,Fe500,24,12,15.2,Clay,V,248,Medium,4,140.26,112.37
4,M40,Fe415,45,11,8.6,Loam,I,572,Low,3,81.19,81.69
10,M25,Fe500,26,2,9.9,Sandy,V,164,Medium,1,96.05,87.37
3,M30,Fe500,26,1,7.1,Rocky,IV,330,Medium,2,76.43,51.23
6,M25,Fe415,17,8,15.7,Loam,IV,592,Medium,4,85.29,109.03
5,M30,Fe500,39,10,20.0,Rocky,III,535,Medium,0,110.91,70.03
4,M30,Fe500,50,9,17.9,Sandy,II,224,High,3,88.56,56.62
8,M25,Fe415,40,20,18.5,Clay,IV,415,Medium,1,98.87,70.99
5,M30,Fe415,39,9,6.7,Sandy,V,171,Medium,5,78.21,45.03
6,M40,Fe415,1,11,5.1,Clay,III,386,Medium,5,101.79,80.16
8,M40,Fe415,17,5,7.5,Rocky,V,331,Medium,5,104.96,113.63
8,M20,Fe500,15,2,14.9,Rocky,III,315,Low,2,103.35,107.14
3,M25,Fe415,44,16,9.9,Loam,III,521,Medium,0,59.02,29.73
9,M20,Fe500,18,2,4.4,Loam,II,251,Medium,0,93.71,118.9
7,M25,Fe415,19,20,12.4,Loam,V,339,High,5,85.0,93.93
8,M25,Fe415,21,19,5.3,Clay,V,532,Low,1,91.62,62.57
4,M20,Fe500,34,8,7.6,Clay,I,262,High,5,55.57,58.89
5,M40,Fe415,1,4,19.4,Loam,I,347,Low,3,112.12,143.79
8,M30,Fe415,47,16,9.2,Clay,III,230,Medium,4,96.16,67.22
5,M40,Fe500,14,2,18.1,Loam,IV,198,Low,0,108.27,89.16
6,M20,Fe500,8,5,8.8,Rocky,III,163,Low,5,94.36,108.12
7,M20,Fe500,40,13,12.2,Sandy,III,399,High,5,78.22,56.08
7,M30,Fe415,8,10,12.4,Loam,III,570,Low,1,117.01,99.79
7,M25,Fe500,28,11,16.4,Loam,V,161,Low,3,102.29,104.56
8,M20,Fe500,42,5,12.1,Loam,V,458,Low,4,88.62,93.36
4,M20,Fe500,17,20,16.1,Rocky,III,445,Medium,0,94.16,73.55
3,M25,Fe500,13,17,15.4,Loam,I,503,Medium,0,88.81,90.84
3,M20,Fe500,2,5,15.5,Rocky,V,598,Medium,4,87.05,96.56
4,M30,Fe415,46,11,14.7,Clay,I,254,High,4,69.63,62.35
6,M40,Fe415,22,5,12.6,Sandy,III,552,Medium,2,98.19,61.99
5,M30,Fe415,50,7,19.2,Sandy,V,568,Low,2,87.2,47.55
4,M25,Fe500,2,7,12.1,Clay,II,452,High,0,83.54,71.21
5,M25,Fe500,41,14,18.4,Sandy,IV,495,Low,4,86.61,66.23
10,M20,Fe500,6,16,12.8,Clay,II,392,Medium,1,125.45,134.54
8,M30,Fe415,17,17,14.3,Loam,V,590,Medium,2,124.2,107.74
6,M20,Fe415,43,1,16.6,Rocky,III,302,High,5,61.63,72.09
7,M40,Fe415,37,7,16.3,Sandy,II,399,High,0,91.49,73.64
7,M40,Fe415,17,12,17.8,Rocky,III,459,Medium,0,112.76,98.28
6,M30,Fe415,31,1,7.4,Sandy,III,412,High,5,73.93,43.46
7,M30,Fe500,1,2,14.8,Rocky,I,546,Low,2,124.75,146.15
4,M20,Fe500,21,10,17.7,Clay,IV,444,Low,1,90.97,53.33
10,M20,Fe500,35,14,9.9,Sandy,I,544,Medium,4,105.14,123.53
7,M40,Fe415,18,13,3.8,Loam,I,268,Medium,0,102.04,95.93
6,M30,Fe500,40,17,6.6,Loam,II,385,Low,2,106.09,90.63
4,M20,Fe415,38,6,14.6,Clay,I,388,High,5,55.03,69.68
7,M40,Fe415,26,10,17.0,Clay,V,209,High,5,98.62,83.19
8,M20,Fe500,24,17,10.1,Clay,I,331,Low,0,103.78,96.57
4,M20,Fe415,41,19,10.8,Rocky,III,569,Low,2,62.82,51.04
10,M25,Fe500,28,5,17.9,Clay,III,452,Medium,5,113.15,122.29
7,M30,Fe500,25,16,13.8,Rocky,I,496,Low,0,117.11,111.34
10,M25,Fe500,2,12,3.9,Loam,II,600,Medium,3,113.12,156.13
4,M30,Fe500,11,20,5.7,Sandy,V,319,High,4,100.89,35.06
5,M30,Fe500,26,16,6.0,Sandy,I,254,High,1,89.28,46.87
5,M30,Fe500,19,16,12.6,Sandy,I,172,High,3,107.35,83.31
7,M30,Fe415,37,19,8.1,Loam,I,370,Medium,3,100.7,106.61
8,M30,Fe500,29,15,8.5,Clay,V,215,High,0,110.24,44.16
7,M25,Fe500,32,7,19.9,Clay,V,163,Medium,5,101.41,90.94
4,M40,Fe415,34,13,11.9,Sandy,IV,155,Medium,3,92.51,47.26
4,M20,Fe415,38,17,5.2,Clay,II,540,High,5,47.03,54.39
8,M30,Fe415,21,6,8.2,Rocky,II,320,Low,1,104.77,115.96
10,M20,Fe415,29,13,16.5,Loam,I,155,High,3,100.38,139.92
3,M30,Fe415,40,19,18.7,Loam,I,430,Medium,2,88.96,90.64
7,M30,Fe500,36,16,3.3,Loam,II,270,Medium,3,108.53,99.66
9,M40,Fe500,40,7,15.9,Sandy,V,284,Low,3,116.62,82.41
6,M25,Fe415,1,20,5.8,Sandy,III,516,Low,4,95.89,83.08
7,M40,Fe500,46,20,8.2,Rocky,III,366,High,4,96.44,60.59
5,M40,Fe415,9,8,6.7,Loam,II,559,Medium,2,95.28,108.38
